prev,after
Corresponding author.,corresponding author.
university of sao paulo,university of sao paulo
university of liege,university of liege
"Zhejiang University(Zhejiang University),Hangzhou,China","zhejiang university(zhejiang university),hangzhou,china"
"Harbin Institute of Technology(Harbin Institute of Technology,Harbin Inst. of Technol.),Harbin,China","harbin institute of technology(harbin institute of technology,harbin inst. of technol.),harbin,china"
"Univ Texas MD Anderson Canc Ctr, Houston, TX 77030 USA","univ texas md anderson canc ctr, houston, tx 77030 usa"
University of Wisconsin-Madison,university of wisconsin-madison
"Huazhong University of Science and Technology(Huazhong University of Science and Technology,Huazhong Univ. of Sci. and Technol.),Wuhan,China","huazhong university of science and technology(huazhong university of science and technology,huazhong univ. of sci. and technol.),wuhan,china"
Corresponding authors.,corresponding authors.
sao paulo state university,sao paulo state university
"Peking University(Peking University),Beijing,China","peking university(peking university),beijing,china"
"Univ Calif San Francisco, San Francisco, CA 94143 USA","univ calif san francisco, san francisco, ca 94143 usa"
Corresponding author,corresponding author
"Univ Penn, Philadelphia, PA 19104 USA","univ penn, philadelphia, pa 19104 usa"
"Jilin University(Jilin University),Changchun,China","jilin university(jilin university),changchun,china"
"Chinese Academy of Sciences(Chinese Academy of Sciences),Beijing,China","chinese academy of sciences(chinese academy of sciences),beijing,china"
"Sichuan University(Sichuan University),Chengdu,China","sichuan university(sichuan university),chengdu,china"
university of wisconsin madison,university of wisconsin madison
"Xi'an Jiaotong University(Xi'an Jiaotong University,Xi'an Jiaotong Univ,Xi'an Jiaotong Univ.),Xi An,China","xi'an jiaotong university(xi'an jiaotong university,xi'an jiaotong univ,xi'an jiaotong univ.),xi an,china"
"Massachusetts Gen Hosp, Boston, MA 02114 USA","massachusetts gen hosp, boston, ma 02114 usa"
"Wuhan University(Wuhan University),Wuhan,China","wuhan university(wuhan university),wuhan,china"
"Dalian University of Technology(Dalian University of Technology,Dalian Univ. of Technol.),Dalian,China","dalian university of technology(dalian university of technology,dalian univ. of technol.),dalian,china"
"Beijing Institute of Technology(Beijing Institute of Technology,Beijing Inst. of Technol.),Beijing,China","beijing institute of technology(beijing institute of technology,beijing inst. of technol.),beijing,china"
"National University of Defense Technology(National University of Defense Technology,National Univ. of Defense Technology),Changsha,China","national university of defense technology(national university of defense technology,national univ. of defense technology),changsha,china"
"Central South University China(Central South University ^),Changsha,China","central south university china(central south university ^),changsha,china"
"Southeast University(Southeast University,Southeast Univ),Nanjing,China","southeast university(southeast university,southeast univ),nanjing,china"
To whom correspondence should be addressed.,to whom correspondence should be addressed.
"Fudan University(Fudan University),Shanghai,China","fudan university(fudan university),shanghai,china"
"University of Science and Technology of China(University of Science and Technology of China,Univ. of Sci. and Technol. of China),Hefei,China","university of science and technology of china(university of science and technology of china,univ. of sci. and technol. of china),hefei,china"
"Tongji University(Tongji University,Tongji Univ.),Shanghai,China","tongji university(tongji university,tongji univ.),shanghai,china"
"University of Science and Technology Beijing(University of Science and Technology Beijing),Beijing,China","university of science and technology beijing(university of science and technology beijing),beijing,china"
"Shandong University(Shandong University),Jinan,China","shandong university(shandong university),jinan,china"
These authors contributed equally to this work.,these authors contributed equally to this work.
"Nanjing University(Nanjing University),Nanjing,China","nanjing university(nanjing university),nanjing,china"
Auteur correspondant.,auteur correspondant.
"Northeastern University China(Northeastern University,Northeastern Univ.),Shenyang,China","northeastern university china(northeastern university,northeastern univ.),shenyang,china"
"Baylor Coll Med, Houston, TX 77030 USA","baylor coll med, houston, tx 77030 usa"
"Fermilab Natl Accelerator Lab, Batavia, IL 60510 USA","fermilab natl accelerator lab, batavia, il 60510 usa"
"Univ Calif Los Angeles, Los Angeles, CA USA","univ calif los angeles, los angeles, ca usa"
"Northwestern Polytechnical University(Northwestern Polytechnical University,Northwestern Polytechnical Univ),Xi'an,China","northwestern polytechnical university(northwestern polytechnical university,northwestern polytechnical univ),xi'an,china"
"Univ Alabama Birmingham, Birmingham, AL USA","univ alabama birmingham, birmingham, al usa"
"South China University of Technology(South China University of Technology,South China Univ. of Technol.),Guangzhou,China","south china university of technology(south china university of technology,south china univ. of technol.),guangzhou,china"
"Inst High Energy Phys, Beijing 100049, Peoples R China","inst high energy phys, beijing 100049, peoples r china"
"University of Electronic Science and Technology of China(University of Electronic Science and Technology of China),Chengdu,China","university of electronic science and technology of china(university of electronic science and technology of china),chengdu,china"
"Xidian University(Xidian University,Xidian Univ.),Xi An,China","xidian university(xidian university,xidian univ.),xi an,china"
"Chongqing University(Chongqing University),Chongqing,China","chongqing university(chongqing university),chongqing,china"
instituto politecnico nacional,instituto politecnico nacional
"Nanjing University of Aeronautics and Astronautics(Nanjing University of Aeronautics and Astronautics,Nanjing Univ. of Aero. and Astron.),Nanjing,China","nanjing university of aeronautics and astronautics(nanjing university of aeronautics and astronautics,nanjing univ. of aero. and astron.),nanjing,china"
texas a m university,texas a m university
"Beijing University of Technology(Beijing University of Technology,Beijing Polytechnic University),Beijing,China","beijing university of technology(beijing university of technology,beijing polytechnic university),beijing,china"
"Beijing University of Posts and Telecommunications(Beijing University of Posts and Telecommunications,Beijing Univ. of Posts and Telecom.),Beijing,China","beijing university of posts and telecommunications(beijing university of posts and telecommunications,beijing univ. of posts and telecom.),beijing,china"
"China University of Petroleum - Beijing(China University of Petroleum,University of Petroleum),Beijing,China","china university of petroleum - beijing(china university of petroleum,university of petroleum),beijing,china"
federal university of parana,federal university of parana
"Univ Calif San Diego, La Jolla, CA 92093 USA","univ calif san diego, la jolla, ca 92093 usa"
"North China Electric Power University(North China Electric Power University),Beijing,China","north china electric power university(north china electric power university),beijing,china"
"Univ Calif Davis, Davis, CA 95616 USA","univ calif davis, davis, ca 95616 usa"
"Mem Sloan Kettering Canc Ctr, 1275 York Ave, New York, NY 10021 USA","mem sloan kettering canc ctr, 1275 york ave, new york, ny 10021 usa"
"Mem Sloan Kettering Canc Ctr, New York, NY 10021 USA","mem sloan kettering canc ctr, new york, ny 10021 usa"
"Wuhan University of Technology(Wuhan University of Technology),Wuhan,China","wuhan university of technology(wuhan university of technology),wuhan,china"
"Univ Wisconsin, Madison, WI USA","univ wisconsin, madison, wi usa"
Autor para correspondencia.,autor para correspondencia.
"Beihang University(Beijing University of Aeronautics and Astronautics,Beihang University),Beijing,China","beihang university(beijing university of aeronautics and astronautics,beihang university),beijing,china"
"Nanjing University of Science and Technology(Nanjing University of Science and Technology,Nanjing Univ. of Sci. and Technol.,Nanjing Univ. of Sci. and Technology,NUST),Nanjing,China","nanjing university of science and technology(nanjing university of science and technology,nanjing univ. of sci. and technol.,nanjing univ. of sci. and technology,nust),nanjing,china"
"Institute of High Energy Physics Chinese Academy of Science(Chinese Academy of Sciences,Institute of High Energy Physics),Beijing,China","institute of high energy physics chinese academy of science(chinese academy of sciences,institute of high energy physics),beijing,china"
"Harbin Engineering University(Harbin Engineering University),Harbin,China","harbin engineering university(harbin engineering university),harbin,china"
federal university of sao paulo,federal university of sao paulo
technische universitat munchen,technische universitat munchen
"Dana Farber Canc Inst, Boston, MA 02115 USA","dana farber canc inst, boston, ma 02115 usa"
"Univ Calif Berkeley, Berkeley, CA 94720 USA","univ calif berkeley, berkeley, ca 94720 usa"
"Univ N Carolina, Chapel Hill, NC USA","univ n carolina, chapel hill, nc usa"
"Lawrence Livermore Natl Lab, Livermore, CA 94550 USA","lawrence livermore natl lab, livermore, ca 94550 usa"
"Penn State Univ, University Pk, PA 16802 USA","penn state univ, university pk, pa 16802 usa"
"Icahn Sch Med Mt Sinai, New York, NY 10029 USA","icahn sch med mt sinai, new york, ny 10029 usa"
"Southwest Jiaotong University(Southwest Jiaotong University,Southwest Jiaotong Univ.),Chengdu,China","southwest jiaotong university(southwest jiaotong university,southwest jiaotong univ.),chengdu,china"
"China University of Mining Technology(China University of Mining and Technology,China Univ. of Mining and Technol.),Beijing,China","china university of mining technology(china university of mining and technology,china univ. of mining and technol.),beijing,china"
empresa brasileira de pesquisa agropecuaria,empresa brasileira de pesquisa agropecuaria
vu university amsterdam,vu university amsterdam
"Beijing Jiaotong Daxue(Beijing Jiaotong University,Northern Jiaotong University),Beijing,China","beijing jiaotong daxue(beijing jiaotong university,northern jiaotong university),beijing,china"
"Shanghai University(Shanghai University),Shanghai,China","shanghai university(shanghai university),shanghai,china"
"Jiangsu University(Jiangsu University),Zhenjiang,China","jiangsu university(jiangsu university),zhenjiang,china"
"Med Coll Wisconsin, Milwaukee, WI 53226 USA","med coll wisconsin, milwaukee, wi 53226 usa"
"Los Alamos Natl Lab, Los Alamos, NM 87545 USA","los alamos natl lab, los alamos, nm 87545 usa"
"Oregon Hlth & Sci Univ, Portland, OR 97201 USA","oregon hlth & sci univ, portland, or 97201 usa"
"Hunan University(Hunan University,Hunan Univ.),Changsha,China","hunan university(hunan university,hunan univ.),changsha,china"
boston children s hospital,boston children s hospital
"Brigham & Womens Hosp, Boston, MA 02115 USA","brigham & womens hosp, boston, ma 02115 usa"
ecole polytechnique federale de lausanne,ecole polytechnique federale de lausanne
"East China University of Science and Technology(East China University of Science and Technology),Shanghai,China","east china university of science and technology(east china university of science and technology),shanghai,china"
"Univ Calif Berkeley, Dept Chem, Berkeley, CA 94720 USA","univ calif berkeley, dept chem, berkeley, ca 94720 usa"
"China University of Geosciences(China University of Geosciences),Wuhan,China","china university of geosciences(china university of geosciences),wuhan,china"
"Univ Wisconsin, Madison, WI 53706 USA","univ wisconsin, madison, wi 53706 usa"
"Institute of Physics Chinese Academy of Sciences(Chinese Academy of Sciences),Beijing,China","institute of physics chinese academy of sciences(chinese academy of sciences),beijing,china"
"Zhengzhou University(Zhengzhou University),Zhengzhou,China","zhengzhou university(zhengzhou university),zhengzhou,china"
"Cedars Sinai Med Ctr, Los Angeles, CA 90048 USA","cedars sinai med ctr, los angeles, ca 90048 usa"
"Univ Calif San Diego, San Diego, CA 92103 USA","univ calif san diego, san diego, ca 92103 usa"
universidade federal de vicosa,universidade federal de vicosa
"European Organization for Nuclear Research(CERN),Geneve,Switzerland","european organization for nuclear research(cern),geneve,switzerland"
"Brigham & Womens Hosp, 75 Francis St, Boston, MA 02115 USA","brigham & womens hosp, 75 francis st, boston, ma 02115 usa"
universite de montreal,universite de montreal
"Xiamen University(Xiamen University),Xiamen,China","xiamen university(xiamen university),xiamen,china"
http://www.springermedizin.de,http://www.springermedizin.de
"Soochow University(Soochow University,Suzhou University),Suzhou,China","soochow university(soochow university,suzhou university),suzhou,china"
university of brasilia,university of brasilia
federal university of paraiba,federal university of paraiba
Author to whom correspondence should be addressed.,author to whom correspondence should be addressed.
"Univ N Carolina, Chapel Hill, NC 27515 USA","univ n carolina, chapel hill, nc 27515 usa"
federal university of ceara,federal university of ceara
"Univ Sao Paulo, Sao Paulo, Brazil","univ sao paulo, sao paulo, brazil"
universite catholique de louvain,universite catholique de louvain
"Univ Calif Los Angeles, David Geffen Sch Med, Los Angeles, CA 90095 USA","univ calif los angeles, david geffen sch med, los angeles, ca 90095 usa"
"Med Univ Vienna, Vienna, Austria","med univ vienna, vienna, austria"
"Changchun Institute of Optics Fine Mechanics and Physics Chinese Academy of Sciences(Chinese Academy of Sciences),Changchun,China","changchun institute of optics fine mechanics and physics chinese academy of sciences(chinese academy of sciences),changchun,china"
"Beijing University of Chemical Technology(Beijing University of Chemical Technology,Beijing Univ. of Chemical Technology),Beijing,China","beijing university of chemical technology(beijing university of chemical technology,beijing univ. of chemical technology),beijing,china"
"Brookhaven Natl Lab, Upton, NY 11973 USA","brookhaven natl lab, upton, ny 11973 usa"
"Hohai University(Hohai University,Hohai Univ.),Nanjing,China","hohai university(hohai university,hohai univ.),nanjing,china"
"Ctr Dis Control & Prevent, Atlanta, GA USA","ctr dis control & prevent, atlanta, ga usa"
"Chinese Acad Sci, Inst Phys, Beijing Natl Lab Condensed Matter Phys, Beijing 100190, Peoples R China","chinese acad sci, inst phys, beijing natl lab condensed matter phys, beijing 100190, peoples r china"
"Beijing University of Aeronautics and Astronautics(Beijing University of Aeronautics and Astronautics,Beijing Univ. of Aero. and Astron.),Beijing,China","beijing university of aeronautics and astronautics(beijing university of aeronautics and astronautics,beijing univ. of aero. and astron.),beijing,china"
"Hefei University of Technology(Hefei University of Technology),Hefei,China","hefei university of technology(hefei university of technology),hefei,china"
"Univ London Imperial Coll Sci Technol & Med, London, England","univ london imperial coll sci technol & med, london, england"
"Beth Israel Deaconess Med Ctr, Boston, MA 02215 USA","beth israel deaconess med ctr, boston, ma 02215 usa"
"China Agricultural University(China Agricultural University),Beijing,China","china agricultural university(china agricultural university),beijing,china"
university of tubingen,university of tubingen
"Harvard Smithsonian Ctr Astrophys, Cambridge, MA 02138 USA","harvard smithsonian ctr astrophys, cambridge, ma 02138 usa"
"Chinese Academy of Medical Sciences(Chinese Academy of Medical Sciences),Beijing,China","chinese academy of medical sciences(chinese academy of medical sciences),beijing,china"
"Nanyang Technol Univ, Sch Elect & Elect Engn, Singapore 639798, Singapore","nanyang technol univ, sch elect & elect engn, singapore 639798, singapore"
"European Org Nucl Res CERN, Geneva, Switzerland","european org nucl res cern, geneva, switzerland"
"Yanshan University(Yanshan University),Qinhuangdao,China","yanshan university(yanshan university),qinhuangdao,china"
dresden university of technology,dresden university of technology
"Univ Fed Sao Paulo, Sao Paulo, Brazil","univ fed sao paulo, sao paulo, brazil"
"Lanzhou University(Lanzhou University),Lanzhou,China","lanzhou university(lanzhou university),lanzhou,china"
"Weill Cornell Med Coll, New York, NY USA","weill cornell med coll, new york, ny usa"
ecole polytechnique,ecole polytechnique
university of nebraska lincoln,university of nebraska lincoln
universite libre de bruxelles,universite libre de bruxelles
"Harvard Med Sch, Boston, MA 02115 USA","harvard med sch, boston, ma 02115 usa"
university of paris sud,university of paris sud
"Nanjing University of Technology(Nanjing University of Technology),Nanjing,China","nanjing university of technology(nanjing university of technology),nanjing,china"
Dept,dept
king s college london,king s college london
"Cincinnati Childrens Hosp Med Ctr, Cincinnati, OH 45229 USA","cincinnati childrens hosp med ctr, cincinnati, oh 45229 usa"
"MV LOMONOSOV STATE UNIV,MOSCOW 117234,USSR","mv lomonosov state univ,moscow 117234,ussr"
"Univ Texas MD Anderson Canc Ctr, Dept Leukemia, Houston, TX 77030 USA","univ texas md anderson canc ctr, dept leukemia, houston, tx 77030 usa"
http://www.bsl.nl,http://www.bsl.nl
"Zhejiang University of Technology(Zhejiang University of Technology),Hangzhou,China","zhejiang university of technology(zhejiang university of technology),hangzhou,china"
"Beijing Normal University(Beijing Normal University),Beijing,China","beijing normal university(beijing normal university),beijing,china"
"Mt Sinai Sch Med, New York, NY USA","mt sinai sch med, new york, ny usa"
"European Organization for Nuclear Research (CERN),Geneva,Switzerland","european organization for nuclear research (cern),geneva,switzerland"
"Xi'an University of Technology(Xi'an University of Technology,Xi'an Univ. of Technol.),Xi An,China","xi'an university of technology(xi'an university of technology,xi'an univ. of technol.),xi an,china"
"Shanghai Institute of Optics and Fine Mechanics Chinese Academy of Sciences(Chinese Academy of Sciences,Chinese Acad of Sciences),Shanghai,China","shanghai institute of optics and fine mechanics chinese academy of sciences(chinese academy of sciences,chinese acad of sciences),shanghai,china"
"Univ Calif Riverside, Riverside, CA 92521 USA","univ calif riverside, riverside, ca 92521 usa"
queen s university,queen s university
"China Medical University Shenyang(China Medical University),Shenyang,China","china medical university shenyang(china medical university),shenyang,china"
"European Organization for Nuclear Research (CERN), Geneva, Switzerland.","european organization for nuclear research (cern), geneva, switzerland."
To whom all correspondence should be addressed.,to whom all correspondence should be addressed.
"Institute of Semiconductors Chinese Academy of Sciences(Chinese Academy of Sciences),Beijing,China","institute of semiconductors chinese academy of sciences(chinese academy of sciences),beijing,china"
"Sandia Natl Labs, Albuquerque, NM 87185 USA","sandia natl labs, albuquerque, nm 87185 usa"
technion israel institute of technology,technion israel institute of technology
"Chinese Acad Sci, Inst Modern Phys, Lanzhou 730000, Peoples R China","chinese acad sci, inst modern phys, lanzhou 730000, peoples r china"
"Cleveland Clin Fdn, Cleveland, OH 44195 USA","cleveland clin fdn, cleveland, oh 44195 usa"
"Univ Calif Berkeley, Dept Phys, Berkeley, CA 94720 USA","univ calif berkeley, dept phys, berkeley, ca 94720 usa"
"Hosp Clin Barcelona, Barcelona, Spain","hosp clin barcelona, barcelona, spain"
"Univ Nebraska Med Ctr, Omaha, NE USA","univ nebraska med ctr, omaha, ne usa"
queen s university belfast,queen s university belfast
"Univ Calif Irvine, Irvine, CA USA","univ calif irvine, irvine, ca usa"
"Univ Fed Minas Gerais, Belo Horizonte, MG, Brazil","univ fed minas gerais, belo horizonte, mg, brazil"
"Indiana Univ Sch Med, Indianapolis, IN 46202 USA","indiana univ sch med, indianapolis, in 46202 usa"
"Georgia Inst Technol, Atlanta, GA 30332 USA","georgia inst technol, atlanta, ga 30332 usa"
"Albert Einstein Coll Med, Bronx, NY 10467 USA","albert einstein coll med, bronx, ny 10467 usa"
technische hochschule,technische hochschule
"Natl Renewable Energy Lab, Golden, CO 80401 USA","natl renewable energy lab, golden, co 80401 usa"
"Naval University of Engineering(Naval University of Engineering,Naval Univ. of Engineering),Wuhan,China","naval university of engineering(naval university of engineering,naval univ. of engineering),wuhan,china"
"Beijing Univ Chem Technol, State Key Lab Chem Resource Engn, Beijing 100029, Peoples R China","beijing univ chem technol, state key lab chem resource engn, beijing 100029, peoples r china"
"Res Inst Fragrance Mat Inc, 50 Tice Blvd, Woodcliff Lake, NJ 07677 USA","res inst fragrance mat inc, 50 tice blvd, woodcliff lake, nj 07677 usa"
sun yat sen university,sun yat sen university
"Pacific NW Natl Lab, Richland, WA 99352 USA","pacific nw natl lab, richland, wa 99352 usa"
martin luther university of halle wittenberg,martin luther university of halle wittenberg
"Univ Arkansas Med Sci, Little Rock, AR 72205 USA","univ arkansas med sci, little rock, ar 72205 usa"
",et al",",et al"
"Fermilab Natl Accelerator Lab, POB 500, Batavia, IL 60510 USA","fermilab natl accelerator lab, pob 500, batavia, il 60510 usa"
"UT MD Anderson Canc Ctr, Houston, TX USA","ut md anderson canc ctr, houston, tx usa"
"Univ Texas Hlth Sci Ctr San Antonio, San Antonio, TX 78229 USA","univ texas hlth sci ctr san antonio, san antonio, tx 78229 usa"
"Chinese Acad Sci, Inst High Energy Phys, Beijing 100049, Peoples R China","chinese acad sci, inst high energy phys, beijing 100049, peoples r china"
"Novartis Pharma AG, Basel, Switzerland","novartis pharma ag, basel, switzerland"
"Capital Medical University China(Capital University of Medical Sciences,Capital Medical University),Beijing,China","capital medical university china(capital university of medical sciences,capital medical university),beijing,china"
academy of sciences of the czech republic,academy of sciences of the czech republic
"Georgia Inst Technol, Sch Elect & Comp Engn, Atlanta, GA 30332 USA","georgia inst technol, sch elect & comp engn, atlanta, ga 30332 usa"
"Chengdu University of Technology(Chengdu University of Technology),Chengdu,China","chengdu university of technology(chengdu university of technology),chengdu,china"
"Kunming University of Science and Technology(Kunming University of Science and Technology),Kunming,China","kunming university of science and technology(kunming university of science and technology),kunming,china"
"Med Univ S Carolina, Charleston, SC 29425 USA","med univ s carolina, charleston, sc 29425 usa"
"Univ Calif Santa Barbara, Santa Barbara, CA 93106 USA","univ calif santa barbara, santa barbara, ca 93106 usa"
pontificia universidade catolica do rio grande do sul,pontificia universidade catolica do rio grande do sul
"Northwestern University(Northwestern University),Evanston,United States","northwestern university(northwestern university),evanston,united states"
"Nanyang Technol Univ, Sch Mat Sci & Engn, Singapore 639798, Singapore","nanyang technol univ, sch mat sci & engn, singapore 639798, singapore"
charite,charite
"Chang'an University(Chang'an University),Xi An,China","chang'an university(chang'an university),xi an,china"
"Ocean University of China(Ocean University of China,Ocean University of Qingdao),Qingdao,China","ocean university of china(ocean university of china,ocean university of qingdao),qingdao,china"
"H Lee Moffitt Canc Ctr & Res Inst, Tampa, FL USA","h lee moffitt canc ctr & res inst, tampa, fl usa"
"Peking Union Medical College(Peking Union Medical College Hospital,PUMC Hospital,Peking Union Medical College),Beijing,China","peking union medical college(peking union medical college hospital,pumc hospital,peking union medical college),beijing,china"
"Asan Med Ctr, Seoul, South Korea","asan med ctr, seoul, south korea"
state university of new york system,state university of new york system
"Chinese Acad Sci, Shanghai Inst Ceram, State Key Lab High Performance Ceram & Superfine, Shanghai 200050, Peoples R China","chinese acad sci, shanghai inst ceram, state key lab high performance ceram & superfine, shanghai 200050, peoples r china"
"University of Shanghai for Science and Technology(University of Shanghai for Science and Technology),Shanghai,China","university of shanghai for science and technology(university of shanghai for science and technology),shanghai,china"
"Univ Penn, Perelman Sch Med, Philadelphia, PA 19104 USA","univ penn, perelman sch med, philadelphia, pa 19104 usa"
"Chinese Acad Sci, Fujian Inst Res Struct Matter, State Key Lab Struct Chem, Fuzhou 350002, Fujian, Peoples R China","chinese acad sci, fujian inst res struct matter, state key lab struct chem, fuzhou 350002, fujian, peoples r china"
"China Pharmaceutical University(China Pharmaceutical University),Nanjing,China","china pharmaceutical university(china pharmaceutical university),nanjing,china"
"Taiyuan Li Gong Daxue(Taiyuan University of Technology),Taiyuan,China","taiyuan li gong daxue(taiyuan university of technology),taiyuan,china"
universidade federal de goias,universidade federal de goias
Berlin,berlin
"Univ Calif Los Angeles, Dept Chem & Biochem, Los Angeles, CA 90095 USA","univ calif los angeles, dept chem & biochem, los angeles, ca 90095 usa"
xi an jiaotong university,xi an jiaotong university
aix marseille university,aix marseille university
"Nanjing Agricultural University(Nanjing Agricultural University),Nanjing,China","nanjing agricultural university(nanjing agricultural university),nanjing,china"
"Univ Texas Southwestern Med Ctr Dallas, Dallas, TX 75390 USA","univ texas southwestern med ctr dallas, dallas, tx 75390 usa"
"Chongqing University of Medical Sciences(Chongqing University of Medical Sciences,Chongqing Univ. of Medical Sciences,Chongqing Medical University),Chongqing,China","chongqing university of medical sciences(chongqing university of medical sciences,chongqing univ. of medical sciences,chongqing medical university),chongqing,china"
environ,environ
"Institute of Metal Research Chinese Academy of Sciences(Chinese Academy of Sciences),Shenyang,China","institute of metal research chinese academy of sciences(chinese academy of sciences),shenyang,china"
"Deutsches Elektronen-Synchrotron, Hamburg, Germany.","deutsches elektronen-synchrotron, hamburg, germany."
"Joint Inst Nucl Res, Dubna, Russia","joint inst nucl res, dubna, russia"
"Novartis Pharmaceut, E Hanover, NJ USA","novartis pharmaceut, e hanover, nj usa"
"Nanchang University(Nanchang University),Nanchang,China","nanchang university(nanchang university),nanchang,china"
"Univ Calif Irvine, Dept Chem, Irvine, CA 92697 USA","univ calif irvine, dept chem, irvine, ca 92697 usa"
"Jinan University(Jinan University),Jinan,China","jinan university(jinan university),jinan,china"
"Univ Calif Davis, Dept Chem, Davis, CA 95616 USA","univ calif davis, dept chem, davis, ca 95616 usa"
"Univ Calif Los Angeles, Los Angeles, CA 90024 USA","univ calif los angeles, los angeles, ca 90024 usa"
"Wuhan Univ Technol, State Key Lab Adv Technol Mat Synth & Proc, Wuhan 430070, Peoples R China","wuhan univ technol, state key lab adv technol mat synth & proc, wuhan 430070, peoples r china"
.,.
"Univ Calif San Diego, Dept Chem & Biochem, La Jolla, CA 92093 USA","univ calif san diego, dept chem & biochem, la jolla, ca 92093 usa"
"Univ Med Ctr Utrecht, Utrecht, Netherlands","univ med ctr utrecht, utrecht, netherlands"
"Oak Ridge Natl Lab, Oak Ridge, TN 37831 USA","oak ridge natl lab, oak ridge, tn 37831 usa"
"Fuzhou University(Fuzhou University),Fuzhou,China","fuzhou university(fuzhou university),fuzhou,china"
"PLA University of Science and Technology(PLA University of Science and Technology,PLA Univ. of Sci. and Technol.,PLA Univ. of Sci. and Tech.),Nanjing,China","pla university of science and technology(pla university of science and technology,pla univ. of sci. and technol.,pla univ. of sci. and tech.),nanjing,china"
"Univ Texas Med Branch, Galveston, TX 77555 USA","univ texas med branch, galveston, tx 77555 usa"
"Shenzhen University(Shenzhen University),Qingshuihe, Shenzhen,China","shenzhen university(shenzhen university),qingshuihe, shenzhen,china"
"Hebei University(Hebei University),Baoding,China","hebei university(hebei university),baoding,china"
"Univ Sci & Technol China, Hefei Natl Lab Phys Sci Microscale, Hefei 230026, Anhui, Peoples R China","univ sci & technol china, hefei natl lab phys sci microscale, hefei 230026, anhui, peoples r china"
"Univ Fed Rio Grande do Sul, Porto Alegre, RS, Brazil","univ fed rio grande do sul, porto alegre, rs, brazil"
"Donghua University(Donghua University ^),Shanghai,China","donghua university(donghua university ^),shanghai,china"
japan atomic energy research institute,japan atomic energy research institute
"Univ Texas SW Med Ctr Dallas, Dallas, TX 75390 USA","univ texas sw med ctr dallas, dallas, tx 75390 usa"
"Sinopec(SINOPEC),Beijing,China","sinopec(sinopec),beijing,china"
"Charite Univ Med Berlin, Berlin, Germany","charite univ med berlin, berlin, germany"
"All India Inst Med Sci, New Delhi, India","all india inst med sci, new delhi, india"
"China Institute of Atomic Energy(China Institute of Atomic Energy,China Inst of Atomic Energy),Beijing,China","china institute of atomic energy(china institute of atomic energy,china inst of atomic energy),beijing,china"
"Baylor Coll Med, Dept Mol & Human Genet, Houston, TX 77030 USA","baylor coll med, dept mol & human genet, houston, tx 77030 usa"
"Chinese Acad Sci, Inst Phys, Beijing 100190, Peoples R China","chinese acad sci, inst phys, beijing 100190, peoples r china"
"Max Planck Inst Polymer Res, D-55128 Mainz, Germany","max planck inst polymer res, d-55128 mainz, germany"
pontificia universidade catolica de sao paulo,pontificia universidade catolica de sao paulo
"Georgia Inst Technol, Sch Mat Sci & Engn, Atlanta, GA 30332 USA","georgia inst technol, sch mat sci & engn, atlanta, ga 30332 usa"
"Dana Farber Canc Inst, Dept Med Oncol, Boston, MA 02115 USA","dana farber canc inst, dept med oncol, boston, ma 02115 usa"
forschungszentrum julich,forschungszentrum julich
"Chinese Acad Sci, Changchun Inst Appl Chem, State Key Lab Polymer Phys & Chem, Changchun 130022, Peoples R China","chinese acad sci, changchun inst appl chem, state key lab polymer phys & chem, changchun 130022, peoples r china"
"Dalian Maritime University(Dalian Maritime University),Dalian,China","dalian maritime university(dalian maritime university),dalian,china"
"Fermi National Accelerator Laboratory(Fermi National Accelerator Laboratory,Fermi Natl. Accelerator Laboratory,Fermilab),Batavia,United States","fermi national accelerator laboratory(fermi national accelerator laboratory,fermi natl. accelerator laboratory,fermilab),batavia,united states"
"Hosp Sick Children, Toronto, ON M5G 1X8, Canada","hosp sick children, toronto, on m5g 1x8, canada"
"Second Military Medical University(Second Military Medical University),Shanghai,China","second military medical university(second military medical university),shanghai,china"
To whom correspondence should be addressed,to whom correspondence should be addressed
"Chinese Academy of Agricultural Sciences(Chinese Academy of Agricultural Sciences),Beijing,China","chinese academy of agricultural sciences(chinese academy of agricultural sciences),beijing,china"
",et al.",",et al."
"Lawrence Livermore Natl Lab, Livermore, CA 94551 USA","lawrence livermore natl lab, livermore, ca 94551 usa"
"Air Force Engineering University China(Air Force Engineering University),Xi'an,China","air force engineering university china(air force engineering university),xi'an,china"
"Henry Ford Hlth Syst, Detroit, MI USA","henry ford hlth syst, detroit, mi usa"
merck co,merck co
"Ministry of Education China(Ministry of Education),Beijing,China","ministry of education china(ministry of education),beijing,china"
"Harbin University of Science and Technology(Harbin University of Science and Technology ^),Harbin,China","harbin university of science and technology(harbin university of science and technology ^),harbin,china"
"Physikalisches Institut, University of Bonn, Bonn, Germany.","physikalisches institut, university of bonn, bonn, germany."
"Seoul Natl Univ, Seoul, South Korea","seoul natl univ, seoul, south korea"
ben gurion university of the negev,ben gurion university of the negev
Moscow,moscow
"Dalian Institute of Chemical Physics Chinese Academy of Sciences(Chinese Academy of Sciences),Dalian,China","dalian institute of chemical physics chinese academy of sciences(chinese academy of sciences),dalian,china"
"Ningbo University(Ningbo University),Ningbo,China","ningbo university(ningbo university),ningbo,china"
"Univ Calif Los Angeles, Los Angeles, CA 90095 USA","univ calif los angeles, los angeles, ca 90095 usa"
"East China Normal University(East China Normal University),Shanghai,China","east china normal university(east china normal university),shanghai,china"
"Nanjing Medical University(Nanjing Medical University),Nanjing,China","nanjing medical university(nanjing medical university),nanjing,china"
"Univ Sci & Technol Beijing, Sch Mat Sci & Engn, Beijing 100083, Peoples R China","univ sci & technol beijing, sch mat sci & engn, beijing 100083, peoples r china"
"Beijing Univ Posts & Telecommun, State Key Lab Informat Photon & Opt Commun, Beijing 100876, Peoples R China","beijing univ posts & telecommun, state key lab informat photon & opt commun, beijing 100876, peoples r china"
universidade federal do espirito santo,universidade federal do espirito santo
"Southern Medical University(^ Southern Medical University),TongHe,China","southern medical university(^ southern medical university),tonghe,china"
"Univ Calif Los Angeles, Dept Phys & Astron, Los Angeles, CA 90095 USA","univ calif los angeles, dept phys & astron, los angeles, ca 90095 usa"
"Univ N Carolina, Dept Chem, Chapel Hill, NC 27599 USA","univ n carolina, dept chem, chapel hill, nc 27599 usa"
"Penn State Univ, Dept Chem, University Pk, PA 16802 USA","penn state univ, dept chem, university pk, pa 16802 usa"
"Johns Hopkins Univ Hosp, Baltimore, MD 21287 USA","johns hopkins univ hosp, baltimore, md 21287 usa"
air force research laboratory,air force research laboratory
"Third Military Medical University(Third Military Medical University),Chongqing,China","third military medical university(third military medical university),chongqing,china"
"Univ Roma La Sapienza, Rome, Italy","univ roma la sapienza, rome, italy"
"Xi'an University of Architecture and Technology(Xi'an University of Architecture and Technology,Xi'an Univ. of Arch. and Tech.),Xi An,China","xi'an university of architecture and technology(xi'an university of architecture and technology,xi'an univ. of arch. and tech.),xi an,china"
"Institute of Chemistry Chinese Academy of Sciences(Chinese Academy of Sciences,Institute of Chemistry),Beijing,China","institute of chemistry chinese academy of sciences(chinese academy of sciences,institute of chemistry),beijing,china"
"Univ Wisconsin, Dept Chem, Madison, WI 53706 USA","univ wisconsin, dept chem, madison, wi 53706 usa"
"Deutsches Elektronen-Synchrotron,Hamburg,Germany","deutsches elektronen-synchrotron,hamburg,germany"
"Harbin Medical University(Harbin Medical University),Harbin,China","harbin medical university(harbin medical university),harbin,china"
"Shenyang University of Technology(Shenyang University of Technology),Shenyang,China","shenyang university of technology(shenyang university of technology),shenyang,china"
brigham and women s hospital,brigham and women s hospital
"Univ Calif Santa Barbara, Dept Phys, Santa Barbara, CA 93106 USA","univ calif santa barbara, dept phys, santa barbara, ca 93106 usa"
"Argonne Natl Lab, Argonne, IL 60439 USA","argonne natl lab, argonne, il 60439 usa"
"Sandia Natl Labs, POB 5800, Albuquerque, NM 87185 USA","sandia natl labs, pob 5800, albuquerque, nm 87185 usa"
"Shanghai Institute of Ceramics Chinese Academy of Sciences(Chinese Academy of Sciences),Shanghai,China","shanghai institute of ceramics chinese academy of sciences(chinese academy of sciences),shanghai,china"
www.bsl.nl,www.bsl.nl
"Roswell Pk Canc Inst, Buffalo, NY 14263 USA","roswell pk canc inst, buffalo, ny 14263 usa"
"Chinese Acad Sci, Inst Plasma Phys, Hefei 230031, Peoples R China","chinese acad sci, inst plasma phys, hefei 230031, peoples r china"
"Univ S Carolina, Columbia, SC 29208 USA","univ s carolina, columbia, sc 29208 usa"
"Huazhong Agricultural University(Huazhong Agricultural University),Wuhan,China","huazhong agricultural university(huazhong agricultural university),wuhan,china"
"China Earthquake Administration(^ China Earthquake Administration),Beijing,China","china earthquake administration(^ china earthquake administration),beijing,china"
"Katholieke Univ Leuven, Leuven, Belgium","katholieke univ leuven, leuven, belgium"
university of concepcion,university of concepcion
"Univ Hlth Network, Toronto, ON, Canada","univ hlth network, toronto, on, canada"
"Xiangya Hospital of Central-south University(Xiangya Hospital,Central South University),Changsha,China","xiangya hospital of central-south university(xiangya hospital,central south university),changsha,china"
"Johns Hopkins Sch Med, Baltimore, MD USA","johns hopkins sch med, baltimore, md usa"
"St Louis Univ, St Louis, MO 63103 USA","st louis univ, st louis, mo 63103 usa"
"Lanzhou University of Technology(Lanzhou University of Technology),Lanzhou,China","lanzhou university of technology(lanzhou university of technology),lanzhou,china"
"Hosp Valle De Hebron, Stroke Unit, Barcelona, Spain","hosp valle de hebron, stroke unit, barcelona, spain"
"Changchun Institute of Applied Chemistry Chinese Academy of Sciences(Chinese Academy of Sciences),Shanghai,China","changchun institute of applied chemistry chinese academy of sciences(chinese academy of sciences),shanghai,china"
"Texas Stroke Inst, Dallas, TX USA","texas stroke inst, dallas, tx usa"
"Hannover Med Sch, Hannover, Germany","hannover med sch, hannover, germany"
"Univ Hosp Cleveland, Cleveland, OH USA","univ hosp cleveland, cleveland, oh usa"
"Hop Gui De Chauliac, Dept Neuroradiol, Montpellier, France","hop gui de chauliac, dept neuroradiol, montpellier, france"
"OhioHealth Riverside Methodist Hosp, Columbus, OH USA","ohiohealth riverside methodist hosp, columbus, oh usa"
"Valley Baptist Med Ctr, Dept Neurosci, Harlingen, TX USA","valley baptist med ctr, dept neurosci, harlingen, tx usa"
"Johns Hopkins Bloomberg Sch Publ Hlth, Baltimore, MD USA","johns hopkins bloomberg sch publ hlth, baltimore, md usa"
"Chinese Acad Sci, Shanghai Inst Appl Phys, Shanghai 201800, Peoples R China","chinese acad sci, shanghai inst appl phys, shanghai 201800, peoples r china"
"Ist Nazl Fis Nucl, Lab Nazl Frascati, I-00044 Frascati, Italy","ist nazl fis nucl, lab nazl frascati, i-00044 frascati, italy"
"Huazhong Univ Sci & Technol, Wuhan Natl Lab Optoelect, Wuhan 430074, Peoples R China","huazhong univ sci & technol, wuhan natl lab optoelect, wuhan 430074, peoples r china"
"Univ Texas Hlth Sci Ctr Houston, Houston, TX 77030 USA","univ texas hlth sci ctr houston, houston, tx 77030 usa"
"University of Wisconsin - Madison,Madison,U.S.A.","university of wisconsin - madison,madison,u.s.a."
"Univ S Florida, Tampa, FL 33620 USA","univ s florida, tampa, fl 33620 usa"
"Univ So Calif, Los Angeles, CA USA","univ so calif, los angeles, ca usa"
"Guangxi University(Guangxi University),Nanning,China","guangxi university(guangxi university),nanning,china"
"Univ S Florida, Tampa, FL USA","univ s florida, tampa, fl usa"
"Hebei Medical University(Hebei Medical University),Shijiazhuang,China","hebei medical university(hebei medical university),shijiazhuang,china"
"Cleveland Clin Fdn, 9500 Euclid Ave, Cleveland, OH 44195 USA","cleveland clin fdn, 9500 euclid ave, cleveland, oh 44195 usa"
"Univ Calif San Diego, Scripps Inst Oceanog, La Jolla, CA 92093 USA","univ calif san diego, scripps inst oceanog, la jolla, ca 92093 usa"
"South China Agricultural University(South China Agricultural University),Guangzhou,China","south china agricultural university(south china agricultural university),guangzhou,china"
"Univ Penn, Dept Chem, Philadelphia, PA 19104 USA","univ penn, dept chem, philadelphia, pa 19104 usa"
"Kings Coll Hosp London, London, England","kings coll hosp london, london, england"
"Univ Calif Santa Barbara, Dept Elect & Comp Engn, Santa Barbara, CA 93106 USA","univ calif santa barbara, dept elect & comp engn, santa barbara, ca 93106 usa"
"South China Normal University(South China Normal University),Guangzhou,China","south china normal university(south china normal university),guangzhou,china"
"N Carolina State Univ, Raleigh, NC 27695 USA","n carolina state univ, raleigh, nc 27695 usa"
"Univ Calif Santa Barbara, Dept Mat, Santa Barbara, CA 93106 USA","univ calif santa barbara, dept mat, santa barbara, ca 93106 usa"
"Beijing Forestry University(Beijing Forestry University),Beijing,China","beijing forestry university(beijing forestry university),beijing,china"
"Univ Calif Berkeley, Dept Elect Engn & Comp Sci, Berkeley, CA 94720 USA","univ calif berkeley, dept elect engn & comp sci, berkeley, ca 94720 usa"
"Univ Estadual Campinas, Campinas, SP, Brazil","univ estadual campinas, campinas, sp, brazil"
"Jiangnan University(Jiangnan University),Wuxi,China","jiangnan university(jiangnan university),wuxi,china"
"Nanjing Normal University(Nanjing Normal University),Nanjing,China","nanjing normal university(nanjing normal university),nanjing,china"
"Vrije Univ Amsterdam, Amsterdam, Netherlands","vrije univ amsterdam, amsterdam, netherlands"
www.zorgenfinanciering.nl,www.zorgenfinanciering.nl
"Southwest China Normal University(Southwest University,Southwest China Normal University,Southwest Normal University),Chongqing,China","southwest china normal university(southwest university,southwest china normal university,southwest normal university),chongqing,china"
"Univ Calif Riverside, Dept Chem, Riverside, CA 92521 USA","univ calif riverside, dept chem, riverside, ca 92521 usa"
"Hosp Clin San Carlos, Madrid, Spain","hosp clin san carlos, madrid, spain"
heriot watt university,heriot watt university
"Georgia Inst Technol, Sch Chem & Biochem, Atlanta, GA 30332 USA","georgia inst technol, sch chem & biochem, atlanta, ga 30332 usa"
Wien,wien
"Huazhong Normal University(Central China Normal University,Huazhong Normal University),Wuhan,China","huazhong normal university(central china normal university,huazhong normal university),wuhan,china"
"Vrije Univ Amsterdam Med Ctr, Amsterdam, Netherlands","vrije univ amsterdam med ctr, amsterdam, netherlands"
"Univ Fed Rio de Janeiro, Rio De Janeiro, Brazil","univ fed rio de janeiro, rio de janeiro, brazil"
"Institut für Physik, Universität Mainz, Mainz, Germany.","institut für physik, universität mainz, mainz, germany."
"Yunnan University(Yunnan University),Kunming,China","yunnan university(yunnan university),kunming,china"
"Univ Cent Florida, Orlando, FL 32816 USA","univ cent florida, orlando, fl 32816 usa"
"Yangzhou University(Yangzhou University),Yangzhou,China","yangzhou university(yangzhou university),yangzhou,china"
"Fred Hutchinson Canc Res Ctr, Seattle, WA 98104 USA","fred hutchinson canc res ctr, seattle, wa 98104 usa"
"New York Med Coll, Valhalla, NY 10595 USA","new york med coll, valhalla, ny 10595 usa"
"Hosp Sick Children, Toronto, ON, Canada","hosp sick children, toronto, on, canada"
"BELL TEL LABS INC,MURRAY HILL,NJ 07974","bell tel labs inc,murray hill,nj 07974"
washington university in st louis,washington university in st louis
"London Sch Hyg & Trop Med, London, England","london sch hyg & trop med, london, england"
"Nanjing University of Post and TeleCommunications(Nanjing University of Posts and Telecommunications),Nanjing,China","nanjing university of post and telecommunications(nanjing university of posts and telecommunications),nanjing,china"
"China Iron and Steel Research Institute Group(Central Iron and Steel Research Institute,Ctrl. Iron and Stl. Res. Institute),Beijing,China","china iron and steel research institute group(central iron and steel research institute,ctrl. iron and stl. res. institute),beijing,china"
"Pontificia Univ Catolica Chile, Santiago, Chile","pontificia univ catolica chile, santiago, chile"
"Chinese Acad Sci, Changchun Inst Appl Chem, State Key Lab Rare Earth Resource Utilizat, Changchun 130022, Peoples R China","chinese acad sci, changchun inst appl chem, state key lab rare earth resource utilizat, changchun 130022, peoples r china"
Dresden University of Technology,dresden university of technology
"Northeast Normal University(Northeast Normal University),Changchun,China","northeast normal university(northeast normal university),changchun,china"
"North University of China(North University of China),Taiyuan,China","north university of china(north university of china),taiyuan,china"
"Univ Calif Santa Barbara, Dept Chem & Biochem, Santa Barbara, CA 93106 USA","univ calif santa barbara, dept chem & biochem, santa barbara, ca 93106 usa"
universite du quebec a montreal,universite du quebec a montreal
"Fakultät für Mathematik und Physik, Albert-Ludwigs-Universität, Freiburg, Germany.","fakultät für mathematik und physik, albert-ludwigs-universität, freiburg, germany."
"Max Planck Inst Astron, D-69117 Heidelberg, Germany","max planck inst astron, d-69117 heidelberg, germany"
"Lawrence Berkeley Natl Lab, Berkeley, CA 94720 USA","lawrence berkeley natl lab, berkeley, ca 94720 usa"
"Univ Calif Berkeley, Lawrence Berkeley Lab, Berkeley, CA 94720 USA","univ calif berkeley, lawrence berkeley lab, berkeley, ca 94720 usa"
"The Fourth Military Medical University(Fourth Military Medical University,The Fourth Military Medical University),Xi'an,China","the fourth military medical university(fourth military medical university,the fourth military medical university),xi'an,china"
"Guangdong University of Technology(Guangdong University of Technology),Guangzhou,China","guangdong university of technology(guangdong university of technology),guangzhou,china"
"School of Electrical and Electronic Engineering, Nanyang Technological University, Singapore","school of electrical and electronic engineering, nanyang technological university, singapore"
"Northeast Forestry University(Northeast Forestry University),Harbin,China","northeast forestry university(northeast forestry university),harbin,china"
"Duke Clin Res Inst, Durham, NC USA","duke clin res inst, durham, nc usa"
"Penn State Univ, Dept Mat Sci & Engn, University Pk, PA 16802 USA","penn state univ, dept mat sci & engn, university pk, pa 16802 usa"
universidad autonoma metropolitana,universidad autonoma metropolitana
"Guys & St Thomas NHS Fdn Trust, London, England","guys & st thomas nhs fdn trust, london, england"
"Hangzhou Dianzi University(Hangzhou Dianzi University,Hangzhou University),Hangzhou,China","hangzhou dianzi university(hangzhou dianzi university,hangzhou university),hangzhou,china"
Both authors contributed equally to this work.,both authors contributed equally to this work.
"Space Telescope Sci Inst, Baltimore, MD 21218 USA","space telescope sci inst, baltimore, md 21218 usa"
"Florida Int Univ, Miami, FL 33199 USA","florida int univ, miami, fl 33199 usa"
"Harvard Med Sch, Boston, MA USA","harvard med sch, boston, ma usa"
"Chinese Acad Sci, Inst Semicond, State Key Lab Integrated Optoelect, Beijing 100083, Peoples R China","chinese acad sci, inst semicond, state key lab integrated optoelect, beijing 100083, peoples r china"
"Stanford Linear Accelerator Center(Stanford University,Stanford Linear Accelerator Center),Menlo Park,United States","stanford linear accelerator center(stanford university,stanford linear accelerator center),menlo park,united states"
"Natl Univ Singapore, Dept Chem, Singapore 117543, Singapore","natl univ singapore, dept chem, singapore 117543, singapore"
"Univ Calif San Diego, Dept Med, La Jolla, CA 92093 USA","univ calif san diego, dept med, la jolla, ca 92093 usa"
"Bucharest Univ Econ Studies, Bucharest, Romania","bucharest univ econ studies, bucharest, romania"
"Budker Inst Nucl Phys, Novosibirsk 630090, Russia","budker inst nucl phys, novosibirsk 630090, russia"
"Fox Chase Canc Ctr, Philadelphia, PA 19111 USA","fox chase canc ctr, philadelphia, pa 19111 usa"
"Moscow MV Lomonosov State Univ, Moscow, Russia","moscow mv lomonosov state univ, moscow, russia"
"Univ Calif Berkeley, Space Sci Lab, Berkeley, CA 94720 USA","univ calif berkeley, space sci lab, berkeley, ca 94720 usa"
"Natl Inst Mat Sci, Tsukuba, Ibaraki 3050047, Japan","natl inst mat sci, tsukuba, ibaraki 3050047, japan"
"Kazan Fed Univ, Kazan, Russia","kazan fed univ, kazan, russia"
"St Jude Childrens Res Hosp, 332 N Lauderdale St, Memphis, TN 38105 USA","st jude childrens res hosp, 332 n lauderdale st, memphis, tn 38105 usa"
"Broad Inst MIT & Harvard, Cambridge, MA 02142 USA","broad inst mit & harvard, cambridge, ma 02142 usa"
"Henan University(Henan University),Kaifeng,China","henan university(henan university),kaifeng,china"
"Univ Fed Santa Catarina, Florianopolis, SC, Brazil","univ fed santa catarina, florianopolis, sc, brazil"
"Anhui Medical University(Anhui Medical University),Hefei,China","anhui medical university(anhui medical university),hefei,china"
"Chinese Acad Sci, Beijing Natl Lab Condensed Matter Phys, Beijing 100190, Peoples R China","chinese acad sci, beijing natl lab condensed matter phys, beijing 100190, peoples r china"
"New York, NY","new york, ny"
"Beijing Inst Technol, Sch Mat Sci & Engn, Beijing 100081, Peoples R China","beijing inst technol, sch mat sci & engn, beijing 100081, peoples r china"
"Med Univ South Carolina, Charleston, SC 29425 USA","med univ south carolina, charleston, sc 29425 usa"
"Brookhaven Natl Lab, Dept Phys, Upton, NY 11973 USA","brookhaven natl lab, dept phys, upton, ny 11973 usa"
www.bsl.nl/shop/,www.bsl.nl/shop/
"Xijing Hospital(Fourth Military Medical University,Xijing Hospital),Xi'an,China","xijing hospital(fourth military medical university,xijing hospital),xi'an,china"
"Univ Elect Sci & Technol China, State Key Lab Elect Thin Films & Integrated Devic, Chengdu 610054, Peoples R China","univ elect sci & technol china, state key lab elect thin films & integrated devic, chengdu 610054, peoples r china"
umea university,umea university
"Shandong University of Technology(Shandong University of Technology,Shandong Univ of Technology),Zibo,China","shandong university of technology(shandong university of technology,shandong univ of technology),zibo,china"
"Yale Sch Med, New Haven, CT USA","yale sch med, new haven, ct usa"
technische universitat darmstadt,technische universitat darmstadt
These authors contributed equally.,these authors contributed equally.
"St Petersburg State Univ, St Petersburg, Russia","st petersburg state univ, st petersburg, russia"
"Imperial Coll, London, England","imperial coll, london, england"
"Dartmouth Hitchcock Med Ctr, Lebanon, NH 03766 USA","dartmouth hitchcock med ctr, lebanon, nh 03766 usa"
"Univ Roma Tor Vergata, Rome, Italy","univ roma tor vergata, rome, italy"
"Univ Calif San Francisco, Dept Med, San Francisco, CA 94143 USA","univ calif san francisco, dept med, san francisco, ca 94143 usa"
"Seoul Natl Univ, Coll Med, Seoul, South Korea","seoul natl univ, coll med, seoul, south korea"
"UT Southwestern Med Ctr, Dallas, TX USA","ut southwestern med ctr, dallas, tx usa"
"Chinese Acad Sci, Lanzhou Inst Chem Phys, State Key Lab Solid Lubricat, Lanzhou 730000, Peoples R China","chinese acad sci, lanzhou inst chem phys, state key lab solid lubricat, lanzhou 730000, peoples r china"
Microsoft Research,microsoft research
"Max Planck Inst Kernphys, D-69117 Heidelberg, Germany","max planck inst kernphys, d-69117 heidelberg, germany"
"Univ Texas MD Anderson Canc Ctr, Dept Radiat Oncol, Houston, TX 77030 USA","univ texas md anderson canc ctr, dept radiat oncol, houston, tx 77030 usa"
"Henan University of Science and Technology(Henan University of Science and Technology),Luoyang,China","henan university of science and technology(henan university of science and technology),luoyang,china"
czechoslovak academy of sciences,czechoslovak academy of sciences
"Harbin Inst Technol, Sch Mat Sci & Engn, Harbin 150001, Peoples R China","harbin inst technol, sch mat sci & engn, harbin 150001, peoples r china"
birmingham city university faculty of health,birmingham city university faculty of health
pontificia universidade catolica de minas gerais,pontificia universidade catolica de minas gerais
"Univ Chinese Acad Sci, Beijing 100049, Peoples R China","univ chinese acad sci, beijing 100049, peoples r china"
"Harvard Smithsonian Ctr Astrophys, 60 Garden St, Cambridge, MA 02138 USA","harvard smithsonian ctr astrophys, 60 garden st, cambridge, ma 02138 usa"
russian academy,russian academy
"Northwest A&F University(Northwest A and F University,Northwest Agriculture and Forestry University),Yangling,China","northwest a&f university(northwest a and f university,northwest agriculture and forestry university),yangling,china"
fundacao getulio vargas,fundacao getulio vargas
"Univ So Calif, Los Angeles, CA 90089 USA","univ so calif, los angeles, ca 90089 usa"
"Changchun University of Science and Technology(Changchun University of Science and Technology,Changchun Univ. of Sci. and Technol.),Changchun,China","changchun university of science and technology(changchun university of science and technology,changchun univ. of sci. and technol.),changchun,china"
"Johns Hopkins Med Inst, Baltimore, MD 21205 USA","johns hopkins med inst, baltimore, md 21205 usa"
"Anhui University(Anhui University),Hefei,China","anhui university(anhui university),hefei,china"
"Hubei University(Hubei University,Hubei University of Technology),Wuhan,China","hubei university(hubei university,hubei university of technology),wuhan,china"
"Natl Univ Singapore, Singapore, Singapore","natl univ singapore, singapore, singapore"
"Georgia Inst Technol, Sch Chem & Biomol Engn, Atlanta, GA 30332 USA","georgia inst technol, sch chem & biomol engn, atlanta, ga 30332 usa"
"Chinese Academy of Forestry(CAF,Chinese Academy of Forestry),Beijing,China","chinese academy of forestry(caf,chinese academy of forestry),beijing,china"
universite de sherbrooke,universite de sherbrooke
science college,science college
"Univ London Imperial Coll Sci Technol & Med, London SW7 2AZ, England","univ london imperial coll sci technol & med, london sw7 2az, england"
"MV LOMONOSOV STATE UNIV,MOSCOW,USSR","mv lomonosov state univ,moscow,ussr"
"Deutsches Elektronen-Synchrotron, Hamburg, Germany","deutsches elektronen-synchrotron, hamburg, germany"
"Univ Calif San Francisco, Dept Neurol, San Francisco, CA USA","univ calif san francisco, dept neurol, san francisco, ca usa"
institute for materials research,institute for materials research
"Academy of Military Medical Science China(Academy of Military Medical Sciences,Academy of Military Medical Science),Beijing,China","academy of military medical science china(academy of military medical sciences,academy of military medical science),beijing,china"
panjab university chandigarh,panjab university chandigarh
"China Univ Petr, State Key Lab Heavy Oil Proc, Beijing 102249, Peoples R China","china univ petr, state key lab heavy oil proc, beijing 102249, peoples r china"
national technical university,national technical university
"Oak Ridge Natl Lab, Ctr Nanophase Mat Sci, Oak Ridge, TN 37831 USA","oak ridge natl lab, ctr nanophase mat sci, oak ridge, tn 37831 usa"
"Shanghai Institute of Microsystem and Information Technology Chinese Academy of Sciences(Chinese Academy of Sciences ^),Shanghai,China","shanghai institute of microsystem and information technology chinese academy of sciences(chinese academy of sciences ^),shanghai,china"
"Suny Downstate Med Ctr, Brooklyn, NY 11203 USA","suny downstate med ctr, brooklyn, ny 11203 usa"
oregon health science university,oregon health science university
"Chinese Acad Sci, Beijing Natl Lab Condensed Matter Phys, Inst Phys, Beijing 100190, Peoples R China","chinese acad sci, beijing natl lab condensed matter phys, inst phys, beijing 100190, peoples r china"
"Nikhef Natl Inst Subat Phys, Amsterdam, Netherlands","nikhef natl inst subat phys, amsterdam, netherlands"
"Univ Fed Vicosa, Vicosa, MG, Brazil","univ fed vicosa, vicosa, mg, brazil"
faculty of chemistry,faculty of chemistry
"Ecole Polytech Fed Lausanne, Lausanne, Switzerland","ecole polytech fed lausanne, lausanne, switzerland"
"Univ Autonoma Madrid, Madrid, Spain","univ autonoma madrid, madrid, spain"
"Univ Calif Los Angeles, Dept Elect Engn, Los Angeles, CA 90095 USA","univ calif los angeles, dept elect engn, los angeles, ca 90095 usa"
"Henan Polytechnic University(Henan Polytechnic University ^),Jiaozuo,China","henan polytechnic university(henan polytechnic university ^),jiaozuo,china"
"Qingdao University of Science and Technology(Qingdao University of Science and Technology),Qingdao,China","qingdao university of science and technology(qingdao university of science and technology),qingdao,china"
"Beijing Institute of Aeronautical Materials(Beijing Institute of Aeronautical Materials,Inst of Aeronautical Materials,Beijing Inst of Aeronautical,Institute of Aeronautical Materials),Beijing,China","beijing institute of aeronautical materials(beijing institute of aeronautical materials,inst of aeronautical materials,beijing inst of aeronautical,institute of aeronautical materials),beijing,china"
"IBM CORP,THOMAS J WATSON RES CTR,YORKTOWN HTS,NY 10598","ibm corp,thomas j watson res ctr,yorktown hts,ny 10598"
"Univ Calif Irvine, Irvine, CA 92697 USA","univ calif irvine, irvine, ca 92697 usa"
"XiangTan University(Xiangtan University),Xiangtan,China","xiangtan university(xiangtan university),xiangtan,china"
"Univ Calif San Diego, Dept Phys, La Jolla, CA 92093 USA","univ calif san diego, dept phys, la jolla, ca 92093 usa"
München,münchen
"Peking University Health Science Center(^ Peking University Health Science Center),Beijing,China","peking university health science center(^ peking university health science center),beijing,china"
"Hosp Santa Creu & Sant Pau, Barcelona, Spain","hosp santa creu & sant pau, barcelona, spain"
harvard smithsonian center for astrophysics,harvard smithsonian center for astrophysics
"Natl Jewish Hlth, Denver, CO USA","natl jewish hlth, denver, co usa"
"Anhui Institute of Optics and Fine Mechanics(Chinese Academy of Sciences,Chinese Acad. of Sci.),Hefei,China","anhui institute of optics and fine mechanics(chinese academy of sciences,chinese acad. of sci.),hefei,china"
"Univ Nebraska, Lincoln, NE USA","univ nebraska, lincoln, ne usa"
"Chinese Acad Sci, Shanghai Inst Opt & Fine Mech, State Key Lab High Field Laser Phys, Shanghai 201800, Peoples R China","chinese acad sci, shanghai inst opt & fine mech, state key lab high field laser phys, shanghai 201800, peoples r china"
"Inst Gustave Roussy, Villejuif, France","inst gustave roussy, villejuif, france"
"Qingdao University(Qingdao University),Qingdao,China","qingdao university(qingdao university),qingdao,china"
"Fred Hutchinson Canc Res Ctr, 1124 Columbia St, Seattle, WA 98104 USA","fred hutchinson canc res ctr, 1124 columbia st, seattle, wa 98104 usa"
"St Jude Childrens Res Hosp, Memphis, TN 38105 USA","st jude childrens res hosp, memphis, tn 38105 usa"
"Max Planck Inst Astron, Konigstuhl 17, D-69117 Heidelberg, Germany","max planck inst astron, konigstuhl 17, d-69117 heidelberg, germany"
"Institute of Geology and Geophysics Chinese Academy of Sciences(Chinese Academy of Sciences),Beijing,China","institute of geology and geophysics chinese academy of sciences(chinese academy of sciences),beijing,china"
"Univ Fed Ceara, Fortaleza, Ceara, Brazil","univ fed ceara, fortaleza, ceara, brazil"
"Australian Natl Univ, Canberra, ACT, Australia","australian natl univ, canberra, act, australia"
"Vrije Univ Amsterdam, Med Ctr, Amsterdam, Netherlands","vrije univ amsterdam, med ctr, amsterdam, netherlands"
"Beijing Inst Technol, State Key Lab Explos Sci & Technol, Beijing 100081, Peoples R China","beijing inst technol, state key lab explos sci & technol, beijing 100081, peoples r china"
"Physikalisches Institut, Ruprecht-Karls-Universität Heidelberg, Heidelberg, Germany.","physikalisches institut, ruprecht-karls-universität heidelberg, heidelberg, germany."
"Mt Sinai Med Ctr, New York, NY 10029 USA","mt sinai med ctr, new york, ny 10029 usa"
"Delft Univ Technol, Delft, Netherlands","delft univ technol, delft, netherlands"
"Max Planck Inst Phys & Astrophys, D-80805 Munich, Germany","max planck inst phys & astrophys, d-80805 munich, germany"
"Tech Univ Munich, Munich, Germany","tech univ munich, munich, germany"
"Med Univ Graz, Graz, Austria","med univ graz, graz, austria"
